{"Train": {"MAE": 12.410821282553608, "MSE": 407.46226011977876, "R2": 0.8182672821299476, "length": 89585}, "Test": {"MAE": 17.98198922578735, "MSE": 757.7636990504878, "R2": 0.7562191052112546, "length": 300}}