{"Train": {"MAE": 11.667480670688821, "MSE": 347.3494592281874, "R2": 0.8490556405390748, "length": 87099}, "Test": {"MAE": 9.767692434575569, "MSE": 197.57855942320506, "R2": 0.6055354293102342, "length": 2786}}