{"Train": {"MAE": 9.970832630516233, "MSE": 272.0105226685622, "R2": 0.8785237130761255, "length": 87190}, "Test": {"MAE": 10.619486226352556, "MSE": 300.1982390796103, "R2": 0.8779919639743929, "length": 2695}}