{"Train": {"MAE": 11.336120262492924, "MSE": 343.78396989906787, "R2": 0.8504859484006836, "length": 87190}, "Test": {"MAE": 10.92932118182311, "MSE": 256.10741819447, "R2": 0.4873237362527886, "length": 2695}}