{"Train": {"MAE": 12.192587302470796, "MSE": 381.048676499706, "R2": 0.8300480353671986, "length": 89585}, "Test": {"MAE": 15.839058743943673, "MSE": 604.2275476361123, "R2": 0.8056133694404823, "length": 300}}