{"Train": {"MAE": 11.210069788426196, "MSE": 328.35188983466145, "R2": 0.8554625121630011, "length": 88565}, "Test": {"MAE": 14.825327076349712, "MSE": 416.9790987857428, "R2": 0.11266396844140003, "length": 1320}}